{
  "experiment": "holonomy_flatness",
  "K": 50,
  "N": 1000,
  "epsilon": 3.0,
  "n_triangles": 100,
  "transport_mode": "fe",
  "sigma_grid": [
    0.25,
    0.3,
    0.35,
    0.4,
    0.45,
    0.5,
    0.55,
    0.6,
    0.65,
    0.7,
    0.75
  ],
  "mean_unitarity_defects": [
    1.1571414973697391,
    0.941264776615977,
    0.7110829199708985,
    0.47413227073579506,
    0.23642710254552696,
    1.6234649772792752e-15,
    0.2364271025455271,
    0.47413227073579517,
    0.7110829199708985,
    0.9412647766159763,
    1.1571414973697391
  ],
  "max_unitarity_defects": [
    3.6922713271674974,
    2.8629190131300395,
    2.0328226325851007,
    1.2682477280726572,
    0.5998934114773938,
    4.059456657699629e-15,
    0.5998934114773938,
    1.2682477280726567,
    2.0328226325850998,
    2.862919013130038,
    3.6922713271674974
  ],
  "mean_holonomy_defects": [
    2.7929584612870078,
    2.7830208256335656,
    2.7819623591525153,
    2.7887148353011035,
    2.7978306400289727,
    2.802052724722428,
    2.7976679443408896,
    2.7874927750069696,
    2.7782854359497158,
    2.775662050046335,
    2.7813948032322817
  ],
  "max_holonomy_defects": [
    3.8162274785761543,
    3.7914669162426535,
    3.787198240956608,
    3.802185577212177,
    3.823899606989355,
    3.8341973724261993,
    3.8234054605153958,
    3.7983577782706353,
    3.7752309532414334,
    3.76660367023577,
    3.775875938872683
  ],
  "sigma_at_min_unitarity": 0.5,
  "sigma_at_min_holonomy": 0.7,
  "min_mean_unitarity": 1.6234649772792752e-15,
  "min_mean_holonomy": 2.775662050046335,
  "total_elapsed_s": 0.7,
  "per_sigma": [
    {
      "sigma": 0.25,
      "mean_unitarity_defect": 1.1571414973697391,
      "max_unitarity_defect": 3.6922713271674974,
      "mean_holonomy_defect": 2.7929584612870078,
      "max_holonomy_defect": 3.8162274785761543,
      "n_edges": 225,
      "n_triangles": 100,
      "elapsed_s": 0.03
    },
    {
      "sigma": 0.3,
      "mean_unitarity_defect": 0.941264776615977,
      "max_unitarity_defect": 2.8629190131300395,
      "mean_holonomy_defect": 2.7830208256335656,
      "max_holonomy_defect": 3.7914669162426535,
      "n_edges": 225,
      "n_triangles": 100,
      "elapsed_s": 0.03
    },
    {
      "sigma": 0.35,
      "mean_unitarity_defect": 0.7110829199708985,
      "max_unitarity_defect": 2.0328226325851007,
      "mean_holonomy_defect": 2.7819623591525153,
      "max_holonomy_defect": 3.787198240956608,
      "n_edges": 225,
      "n_triangles": 100,
      "elapsed_s": 0.03
    },
    {
      "sigma": 0.4,
      "mean_unitarity_defect": 0.47413227073579506,
      "max_unitarity_defect": 1.2682477280726572,
      "mean_holonomy_defect": 2.7887148353011035,
      "max_holonomy_defect": 3.802185577212177,
      "n_edges": 225,
      "n_triangles": 100,
      "elapsed_s": 0.03
    },
    {
      "sigma": 0.45,
      "mean_unitarity_defect": 0.23642710254552696,
      "max_unitarity_defect": 0.5998934114773938,
      "mean_holonomy_defect": 2.7978306400289727,
      "max_holonomy_defect": 3.823899606989355,
      "n_edges": 225,
      "n_triangles": 100,
      "elapsed_s": 0.03
    },
    {
      "sigma": 0.5,
      "mean_unitarity_defect": 1.6234649772792752e-15,
      "max_unitarity_defect": 4.059456657699629e-15,
      "mean_holonomy_defect": 2.802052724722428,
      "max_holonomy_defect": 3.8341973724261993,
      "n_edges": 225,
      "n_triangles": 100,
      "elapsed_s": 0.03
    },
    {
      "sigma": 0.55,
      "mean_unitarity_defect": 0.2364271025455271,
      "max_unitarity_defect": 0.5998934114773938,
      "mean_holonomy_defect": 2.7976679443408896,
      "max_holonomy_defect": 3.8234054605153958,
      "n_edges": 225,
      "n_triangles": 100,
      "elapsed_s": 0.03
    },
    {
      "sigma": 0.6,
      "mean_unitarity_defect": 0.47413227073579517,
      "max_unitarity_defect": 1.2682477280726567,
      "mean_holonomy_defect": 2.7874927750069696,
      "max_holonomy_defect": 3.7983577782706353,
      "n_edges": 225,
      "n_triangles": 100,
      "elapsed_s": 0.02
    },
    {
      "sigma": 0.65,
      "mean_unitarity_defect": 0.7110829199708985,
      "max_unitarity_defect": 2.0328226325850998,
      "mean_holonomy_defect": 2.7782854359497158,
      "max_holonomy_defect": 3.7752309532414334,
      "n_edges": 225,
      "n_triangles": 100,
      "elapsed_s": 0.03
    },
    {
      "sigma": 0.7,
      "mean_unitarity_defect": 0.9412647766159763,
      "max_unitarity_defect": 2.862919013130038,
      "mean_holonomy_defect": 2.775662050046335,
      "max_holonomy_defect": 3.76660367023577,
      "n_edges": 225,
      "n_triangles": 100,
      "elapsed_s": 0.03
    },
    {
      "sigma": 0.75,
      "mean_unitarity_defect": 1.1571414973697391,
      "max_unitarity_defect": 3.6922713271674974,
      "mean_holonomy_defect": 2.7813948032322817,
      "max_holonomy_defect": 3.775875938872683,
      "n_edges": 225,
      "n_triangles": 100,
      "elapsed_s": 0.03
    }
  ]
}