{
  "scaling_table": [
    {
      "K": 100,
      "S_zeta": 12.48,
      "S_gue": 15.527
    },
    {
      "K": 200,
      "S_zeta": 11.784,
      "S_gue": 15.004
    },
    {
      "K": 400,
      "S_zeta": 11.44,
      "S_gue": 14.59
    },
    {
      "K": 800,
      "S_zeta": 11.21010910846255,
      "S_gue": 12.364992259275462
    }
  ],
  "K800_zeta": {
    "K": 800,
    "sigma": 0.5,
    "epsilon": 3.0,
    "spectral_sum": 11.21010910846255,
    "kernel_dim": 0,
    "eigs_top5": [
      0.001605802477238072,
      0.010329271252059513,
      0.027534268868175005,
      0.05358755592706821,
      0.08830876723811265
    ],
    "time_s": 1559.2251107692719
  },
  "K800_gue": {
    "K": 800,
    "sigma": 0.5,
    "epsilon": 3.0,
    "spectral_sum": 12.364992259275462,
    "kernel_dim": 0,
    "eigs_top5": [
      0.001761664901644977,
      0.011293641560401468,
      0.030254167759828476,
      0.058842122659603646,
      0.09836572826949386
    ],
    "time_s": 1509.3510029315948
  },
  "config": {
    "K": 800,
    "N": 1000,
    "sigma": 0.5,
    "epsilon": 3.0,
    "k_eig": 20
  },
  "total_elapsed_s": 3070.7730848789215
}