{
  "prediction": "1",
  "timestamp": "2026-03-24T21:41:22",
  "lattice": [
    8,
    8,
    8,
    4
  ],
  "beta_values": [
    1.0,
    1.5,
    2.0,
    2.1,
    2.2,
    2.3,
    2.4,
    2.5,
    3.0,
    4.0
  ],
  "results_per_beta": {
    "1.0": {
      "beta": 1.0,
      "n_configs": 5,
      "plaquettes": [
        0.8151013823473071,
        0.8849281129948835,
        0.8318507122915425,
        0.7919571591677302,
        0.8591773564010423
      ],
      "mean_plaquette": 0.8366029446405012,
      "onset_scales": [
        5.800968033244156,
        6.131641564907588,
        5.782294735527254,
        5.470636170143635,
        6.238395296450468
      ],
      "mean_onset": 5.8847871600546195,
      "std_onset": 0.2738712094652059,
      "gini_values": [
        0.20239682679886029,
        0.19683257331790815,
        0.20075168720226277,
        0.17398121820741452,
        0.19833928362347275
      ],
      "mean_gini": 0.1944603178299837,
      "gen_time_s": 123.6088809967041
    },
    "1.5": {
      "beta": 1.5,
      "n_configs": 5,
      "plaquettes": [
        0.9099991542062876,
        0.9044316638734631,
        0.8950044025022071,
        0.9212243293102995,
        0.92177459240055
      ],
      "mean_plaquette": 0.9104868284585615,
      "onset_scales": [
        5.804742646432049,
        6.217676870307993,
        5.747159938550174,
        5.392642075123539,
        5.84697523297481
      ],
      "mean_onset": 5.801839352677713,
      "std_onset": 0.26283027533402986,
      "gini_values": [
        0.1897989777833946,
        0.2100086809556594,
        0.20017756676985798,
        0.1809421508118545,
        0.21046922264545498
      ],
      "mean_gini": 0.19827931979324429,
      "gen_time_s": 126.3391056060791
    },
    "2.0": {
      "beta": 2.0,
      "n_configs": 5,
      "plaquettes": [
        0.9154664662947062,
        0.947944114732164,
        0.9182150278969708,
        0.9554051951369654,
        0.9486965457483572
      ],
      "mean_plaquette": 0.9371454699618328,
      "onset_scales": [
        5.182966764198227,
        5.362160748652757,
        5.007248216758753,
        5.631129383308926,
        5.586823832402654
      ],
      "mean_onset": 5.354065789064263,
      "std_onset": 0.23688114113842978,
      "gini_values": [
        0.18860014209179088,
        0.21277341046167964,
        0.18173586517871843,
        0.19814640305883158,
        0.18440016368928647
      ],
      "mean_gini": 0.1931311968960614,
      "gen_time_s": 124.24175953865051
    },
    "2.1": {
      "beta": 2.1,
      "n_configs": 5,
      "plaquettes": [
        0.9359802058886867,
        0.9258520352416677,
        0.9320287672706903,
        0.9726716412788917,
        0.9273138977786358
      ],
      "mean_plaquette": 0.9387693094917144,
      "onset_scales": [
        5.703295321130632,
        5.462600934757768,
        5.297490961987645,
        5.578384724011448,
        5.384936580743292
      ],
      "mean_onset": 5.485341704526158,
      "std_onset": 0.14286148216345254,
      "gini_values": [
        0.21566474891623266,
        0.18361188507741533,
        0.17579138291190444,
        0.19560068462632163,
        0.18536934659282323
      ],
      "mean_gini": 0.19120760962493946,
      "gen_time_s": 125.42492270469666
    },
    "2.2": {
      "beta": 2.2,
      "n_configs": 5,
      "plaquettes": [
        0.9277437668244651,
        0.968178186691202,
        0.959221644433553,
        0.9794116336456491,
        0.9312118586231023
      ],
      "mean_plaquette": 0.9531534180435944,
      "onset_scales": [
        5.29901262873428,
        5.787801971554254,
        5.512123729335502,
        5.619574478074895,
        5.242056666615195
      ],
      "mean_onset": 5.492113894862825,
      "std_onset": 0.20193798494844695,
      "gini_values": [
        0.17801274555824165,
        0.20075335479169176,
        0.1803617423209083,
        0.19575932982440225,
        0.18870530231243166
      ],
      "mean_gini": 0.18871849496153512,
      "gen_time_s": 125.67754936218262
    },
    "2.3": {
      "beta": 2.3,
      "n_configs": 5,
      "plaquettes": [
        0.6020988285793726,
        0.5979869874827209,
        0.6002351706326295,
        0.5971746550255457,
        0.6005796211405768
      ],
      "mean_plaquette": 0.5996150525721691,
      "onset_scales": [
        0.5188759646251871,
        0.5173778268219036,
        0.5173942761976855,
        0.5566539158640326,
        0.5588446114174248
      ],
      "mean_onset": 0.5338293189852468,
      "std_onset": 0.019550407211071014,
      "gini_values": [
        0.21312621558627143,
        0.20311364240287455,
        0.20027062168662035,
        0.21374283793201654,
        0.19779708425245435
      ],
      "mean_gini": 0.20561008037204745,
      "gen_time_s": 125.24315476417542
    },
    "2.4": {
      "beta": 2.4,
      "n_configs": 5,
      "plaquettes": [
        0.6299030307290377,
        0.634560784183091,
        0.6244854616187269,
        0.6343021583788341,
        0.6404244165823602
      ],
      "mean_plaquette": 0.63273517029841,
      "onset_scales": [
        0.4926907057480834,
        0.44427918105432807,
        0.5335672957496993,
        0.5252243589973418,
        0.47821874459643854
      ],
      "mean_onset": 0.4947960572291782,
      "std_onset": 0.03243542835344477,
      "gini_values": [
        0.21280232798432408,
        0.19419120853152605,
        0.22056894488691747,
        0.22324686678153483,
        0.2259207445035789
      ],
      "mean_gini": 0.21534601853757626,
      "gen_time_s": 123.2973325252533
    },
    "2.5": {
      "beta": 2.5,
      "n_configs": 5,
      "plaquettes": [
        0.6547997896790311,
        0.654878215214971,
        0.6551315890258586,
        0.6461540149965572,
        0.6487222358385075
      ],
      "mean_plaquette": 0.6519371689509851,
      "onset_scales": [
        0.4986986586322255,
        0.464727930737514,
        0.4577344527311959,
        0.5051870236707858,
        0.4536783063751192
      ],
      "mean_onset": 0.4760052744293681,
      "std_onset": 0.021568769478732604,
      "gini_values": [
        0.22583853987088953,
        0.2126760268017529,
        0.21421930764986996,
        0.22885354672778724,
        0.22272512996568672
      ],
      "mean_gini": 0.22086251020319728,
      "gen_time_s": 122.68248224258423
    },
    "3.0": {
      "beta": 3.0,
      "n_configs": 5,
      "plaquettes": [
        0.7230150430092883,
        0.7218586862077649,
        0.7199836424363187,
        0.7270905117119871,
        0.71849205305441
      ],
      "mean_plaquette": 0.7220879872839538,
      "onset_scales": [
        0.37275964735241124,
        0.42097438303858314,
        0.3889546072456228,
        0.4141027965750701,
        0.3862479637549709
      ],
      "mean_onset": 0.3966078795933316,
      "std_onset": 0.018080028900244446,
      "gini_values": [
        0.2198074990312182,
        0.2220129781636353,
        0.2172024043184051,
        0.23367092112714483,
        0.21392455851082515
      ],
      "mean_gini": 0.2213236722302457,
      "gen_time_s": 121.9112606048584
    },
    "4.0": {
      "beta": 4.0,
      "n_configs": 5,
      "plaquettes": [
        0.8006147496062788,
        0.8027289800121177,
        0.8006697763610903,
        0.7962630873280038,
        0.8008120930801962
      ],
      "mean_plaquette": 0.8002177372775373,
      "onset_scales": [
        0.27263229513893716,
        0.2899644970694638,
        0.2817438352104745,
        0.2889092075958659,
        0.3006276789402767
      ],
      "mean_onset": 0.2867755027910036,
      "std_onset": 0.009294656164735227,
      "gini_values": [
        0.22660588929407832,
        0.24750541644886526,
        0.22909737693177523,
        0.2231306366425121,
        0.2374298810378046
      ],
      "mean_gini": 0.2327538400710071,