{
  "prediction": "2",
  "timestamp": "2026-03-25T11:11:43",
  "lattice": [
    8,
    8,
    8,
    8
  ],
  "results": {
    "0": {
      "Q": 0,
      "gen_time": 0.00043082237243652344,
      "feat_time": 0.2213423252105713,
      "mean_s_norm": 0.0,
      "mean_q_norm": 0.0,
      "gini_full": 0.0,
      "gini_s": 0.0,
      "gini_q": 0.0,
      "median_bar_full": 0.0,
      "median_bar_q": 0.0
    },
    "1": {
      "Q": 1,
      "gen_time": 1.365441083908081,
      "feat_time": 0.21453166007995605,
      "mean_s_norm": 0.006207010354398678,
      "mean_q_norm": 1.8662196345760284e-17,
      "gini_full": 0.566243303015971,
      "gini_s": 0.566243303015971,
      "gini_q": 0.21083775423570406,
      "median_bar_full": 0.0005169300510406542,
      "median_bar_q": 8.182674270850422e-18
    },
    "-1": {
      "Q": -1,
      "gen_time": 1.3706624507904053,
      "feat_time": 0.21416544914245605,
      "mean_s_norm": 0.0055988017070212545,
      "mean_q_norm": 1.8880782541089502e-17,
      "gini_full": 0.7240000407798246,
      "gini_s": 0.7240000407798246,
      "gini_q": 0.23384938415705103,
      "median_bar_full": 0.0002143031102412126,
      "median_bar_q": 7.949501638480627e-18
    },
    "2": {
      "Q": 2,
      "gen_time": 2.2242987155914307,
      "feat_time": 0.21173739433288574,
      "mean_s_norm": 0.020186935087522388,
      "mean_q_norm": 3.365768697958433e-17,
      "gini_full": 0.5829658745234427,
      "gini_s": 0.5829658745234427,
      "gini_q": 0.20568919369696315,
      "median_bar_full": 0.0019399366938796059,
      "median_bar_q": 1.3904866443919908e-17
    }
  },
  "ks_pm1": {
    "stat": 0.06613226452905811,
    "p": 0.2253655522533202
  },
  "verdict": "FAIL"
}