{
  "meta": {
    "task": "ATFT Residual Analysis \u2014 What does the sheaf Laplacian detect?",
    "question": "Which higher-order statistic explains the 33% r\u2082 prediction residual?",
    "ground_truth": {
      "S_zeta_actual": 11.784,
      "S_gue_actual": 15.004,
      "r2_prediction_residual_pct": 33.21
    }
  },
  "two_point": {
    "description": "r\u2082(s): all-pair correlation function",
    "discrepancy": 0.15015999999999996,
    "relative_to_r2": 1.0
  },
  "three_point": {
    "description": "r\u2083(s\u2081, s\u2082): consecutive-triple gap density",
    "discrepancy": 0.25281022967779243,
    "relative_to_r2": 1.683605685121154,
    "r3_diagonal_zeta": [
      0.0,
      0.0,
      0.0,
      0.0,
      0.0,
      0.0,
      0.10020040080160318,
      1.0020040080160317,
      1.5030060120240478,
      1.4028056112224445,
      0.9018036072144286,
      0.30060120240480953,
      0.30060120240480953,
      0.10020040080160318,
      0.20040080160320636,
      0.0,
      0.0,
      0.0,
      0.0,
      0.0,
      0.0,
      0.0,
      0.0,
      0.0,
      0.0,
      0.0,
      0.0,
      0.0,
      0.0,
      0.0,
      0.0,
      0.0,
      0.0,
      0.0,
      0.0,
      0.0,
      0.0,
      0.0,
      0.0,
      0.0
    ],
    "r3_diagonal_gue": [
      0.0,
      0.0,
      0.10020040080160318,
      0.20040080160320636,
      0.30060120240480953,
      0.5010020040080159,
      1.0020040080160317,
      0.30060120240480953,
      0.8016032064128255,
      1.5030060120240478,
      0.5010020040080159,
      0.4008016032064127,
      0.10020040080160318,
      0.30060120240480953,
      0.30060120240480953,
      0.20040080160320636,
      0.10020040080160318,
      0.0,
      0.0,
      0.0,
      0.0,
      0.0,
      0.0,
      0.0,
      0.0,
      0.0,
      0.0,
      0.0,
      0.0,
      0.0,
      0.0,
      0.0,
      0.0,
      0.0,
      0.0,
      0.0,
      0.0,
      0.0,
      0.0,
      0.0
    ],
    "s_centers": [
      0.05,
      0.15000000000000002,
      0.25,
      0.35000000000000003,
      0.45,
      0.55,
      0.6500000000000001,
      0.75,
      0.8500000000000001,
      0.95,
      1.05,
      1.1500000000000001,
      1.25,
      1.35,
      1.4500000000000002,
      1.55,
      1.6500000000000001,
      1.75,
      1.85,
      1.9500000000000002,
      2.05,
      2.1500000000000004,
      2.25,
      2.3500000000000005,
      2.45,
      2.55,
      2.6500000000000004,
      2.75,
      2.8500000000000005,
      2.95,
      3.05,
      3.1500000000000004,
      3.25,
      3.3500000000000005,
      3.45,
      3.55,
      3.6500000000000004,
      3.75,
      3.8500000000000005,
      3.95
    ]
  },
  "number_variance": {
    "description": "\u03a3\u00b2(L): variance of point count in window of size L",
    "discrepancy_abs": 30.049865116804085,
    "discrepancy_sq": 902.994393538119,
    "relative_to_r2": 6013.5481722037775,
    "short_range_L_le_5": 1.4001488949519476,
    "long_range_L_gt_5": 28.649716221852096,
    "L_values": [
      0.5,
      0.8305084745762712,
      1.1610169491525424,
      1.4915254237288136,
      1.8220338983050848,
      2.152542372881356,
      2.483050847457627,
      2.8135593220338984,
      3.1440677966101696,
      3.4745762711864407,
      3.805084745762712,
      4.135593220338983,
      4.466101694915254,
      4.796610169491526,
      5.127118644067797,
      5.4576271186440675,
      5.788135593220339,
      6.118644067796611,
      6.4491525423728815,
      6.779661016949152,
      7.110169491525424,
      7.4406779661016955,
      7.771186440677966,
      8.101694915254237,
      8.432203389830509,
      8.76271186440678,
      9.093220338983052,
      9.423728813559322,
      9.754237288135593,
      10.084745762711865,
      10.415254237288135,
      10.745762711864407,
      11.076271186440678,
      11.40677966101695,
      11.737288135593221,
      12.067796610169491,
      12.398305084745763,
      12.728813559322035,
      13.059322033898304,
      13.389830508474576,
      13.720338983050848,
      14.05084745762712,
      14.381355932203391,
      14.711864406779661,
      15.042372881355933,
      15.372881355932204,
      15.703389830508474,
      16.033898305084747,
      16.364406779661017,
      16.694915254237287,
      17.02542372881356,
      17.35593220338983,
      17.686440677966104,
      18.016949152542374,
      18.347457627118644,
      18.677966101694917,
      19.008474576271187,
      19.338983050847457,
      19.66949152542373,
      20.0
    ],
    "sigma2_zeta": [
      0.2674260990885427,
      0.29173880408077013,
      0.3228747046069305,
      0.3297666739758132,
      0.3360691418420725,
      0.34162196002278955,
      0.3423715178241376,
      0.3417783736582819,
      0.3403925619834711,
      0.32890461064071924,
      0.3223177002964584,
      0.30356154501526733,
      0.315277116032591,
      0.2971990275820166,
      0.2799604467853398,
      0.28471710544959905,
      0.29111773077596226,
      0.2775391993704167,
      0.28516128508826655,
      0.27894701444714454,
      0.27544549947970864,
      0.286904103798127,
      0.2833525206311133,
      0.28103486372305336,
      0.28895503527713085,
      0.2814608543913265,
      0.29458116518722577,
      0.30991735537190085,
      0.3240656504208796,
      0.3342952967986578,
      0.3159264037884884,
      0.3303165973694962,
      0.34271890212919404,
      0.334911396269403,
      0.3284996635154623,
      0.3217247212752612,
      0.30488344424838,
      0.2910467181249966,
      0.2657632823010998,
      0.27349937666890217,
      0.2734479995448976,
      0.26508825272488346,
      0.28599654719266143,
      0.2749111997773514,
      0.2736703929539295,
      0.29457911957168353,
      0.2970146202374771,
      0.29802471103365563,
      0.31436894138296095,
      0.3067653400151506,
      0.31953653543829674,
      0.3320883333817265,
      0.3188020664514611,
      0.31366503837956866,
      0.3108274857356023,
      0.2992244743950169,
      0.30197417742607247,
      0.3023154414827155,
      0.29896179489644914,
      0.30030539177685434
    ],
    "sigma2_gue": [
      0.2804456283824836,
      0.32784980648931067,
      0.372596267768001,
      0.4374298894256084,
      0.49125936874170156,
      0.542980973016427,
      0.5935181026844509,
      0.6470205279167721,
      0.7040710729453629,
      0.7679130494490111,
      0.7982136511142908,
      0.8664747109781656,
      0.9081805953750849,
      0.979694130935751,
      1.0149819945831935,
      1.0542558671951223,
      1.1267693961428704,
      1.1661431125633714,
      1.208339544992186,
      1.283435844399749,
      1.320872422931842,
      1.3641622902575443,
      1.44760621612501,
      1.483047732315359,
      1.5284910307805568,
      1.6149941353509527,
      1.6524668401183553,
      1.6886774308744006,
      1.7917823861000328,
      1.8288537409993244,
      1.8565466338009307,
      1.9439594793846997,
      1.9785974200527794,
      2.0074556110573845,
      2.097326966832238,
      2.121390898293828,
      2.158947010221019,
      2.232321335494971,
      2.281781400046904,
      2.309605007632206,
      2.3842427527921997,
      2.4027738411193282,
      2.4566250096627074,
      2.5209306980390056,
      2.549040491357657,
      2.5976973031925437,
      2.6797889632417347,
      2.7024288282284084,
      2.7594549870690863,
      2.846616294051758,
      2.849220801307445,
      2.909749212920139,
      2.9811943782181256,
      3.0040611059675113,
      3.0790524553675795,
      3.143422178685281,
      3.1519950020824656,
      3.227958142440649,
      3.3108843595911175,
      3.3121217164123813
    ]
  },
  "connected_three_point": {
    "description": "c\u2083(s\u2081, s\u2082) = r\u2083 \u2212 r\u2082(s\u2081)\u00b7r\u2082(s\u2082): genuine 3-body part",
    "discrepancy": 0.24803744715273016,
    "relative_to_r2": 1.6518210385770526
  },